{
  "MSE": [
    7.763730525970459,
    10.716706275939941,
    12.506105422973633,
    13.951699256896973,
    15.16627311706543,
    16.206497192382812,
    17.12722396850586,
    17.956993103027344,
    18.727577209472656,
    19.478158950805664,
    20.234756469726562,
    20.998851776123047
  ],
  "RMSE": [
    2.7863471653709015,
    3.2736380795591837,
    3.536397237722826,
    3.7351973518004336,
    3.894389954417178,
    4.025729398802509,
    4.138505040290015,
    4.237569244629206,
    4.32753708354679,
    4.413406728458829,
    4.498305955548885,
    4.582450411747305
  ],
  "MAE": [
    1.884212613105774,
    2.1952311992645264,
    2.3444838523864746,
    2.461182117462158,
    2.5582962036132812,
    2.6401407718658447,
    2.7117600440979004,
    2.7758045196533203,
    2.835566520690918,
    2.892971992492676,
    2.95141863822937,
    3.0110926628112793
  ],
  "MAPE": [
    0.07917769998311996,
    0.09370692074298859,
    0.1009519025683403,
    0.10657550394535065,
    0.11117888987064362,
    0.115016408264637,
    0.11832236498594284,
    0.12123508006334305,
    0.12390259653329849,
    0.12645457684993744,
    0.12905123829841614,
    0.1316666305065155
  ],
  "SMAPE": [
    0.07372357696294785,
    0.0856708288192749,
    0.09113325923681259,
    0.09527292102575302,
    0.09864290058612823,
    0.10144565999507904,
    0.10388641804456711,
    0.10605215281248093,
    0.10805651545524597,
    0.10997072607278824,
    0.11193405836820602,
    0.1139301285147667
  ],
  "WAPE": [
    0.06362605094909668,
    0.07413189113140106,
    0.07917531579732895,
    0.08311969041824341,
    0.08640269935131073,
    0.08917015790939331,
    0.09159189462661743,
    0.09375762939453125,
    0.09577828645706177,
    0.09771914035081863,
    0.09969509392976761,
    0.10171211510896683
  ]
}